{"flutter":{"platforms":{"android":{"default":{"projectId":"smart-auth-mca-igit","appId":"1:533738593546:android:9f0ca6ef90342c4cc16ef3","fileOutput":"android/app/google-services.json"}},"dart":{"lib/firebase_options.dart":{"projectId":"smart-auth-mca-igit","configurations":{"android":"1:533738593546:android:9f0ca6ef90342c4cc16ef3","ios":"1:533738593546:ios:6edd6273dd49b71bc16ef3","macos":"1:533738593546:ios:6edd6273dd49b71bc16ef3","web":"1:533738593546:web:643c060a6fa2001dc16ef3","windows":"1:533738593546:web:96f9703a88ced73cc16ef3"}}}}}}